id,name,degree,peel,diversity,betweenness,pagerank
0,Addam Marbrand,0.09090909090909091,0.75,0.4860787534888344,0.0024447372944002284,0.0168699399587075
1,Aegon Frey (son of Stevron),0.024793388429752067,0.25,0.4215593827046134,0.0,0.005512853869419342
2,Aegon I Targaryen,0.06611570247933884,0.3333333333333333,0.5939162785430236,0.035868288725534644,0.024955323676206623
3,Aegon Targaryen (son of Rhaegar),0.11570247933884298,0.5,0.7305852392802622,0.031293873056796595,0.0529582458486878
4,Aegon V Targaryen,0.0,0.0,0.0,0.0,0.0011574425415673795
5,Aemon Targaryen (Dragonknight),0.0,0.0,0.0,0.0,0.00016471677128746516
6,Aemon Targaryen (Maester Aemon),0.2066115702479339,0.5833333333333334,0.709972019253913,0.09889719228051774,0.14087523062532367
7,Aenys Frey,0.024793388429752067,0.16666666666666666,0.5620791768043331,0.00422584117124529,0.010517492799912554
8,Aeron Greyjoy,0.11570247933884298,0.3333333333333333,0.7091279223467434,0.06732808965580923,0.12075066878137745
9,Aerys I Targaryen,0.0,0.0,0.0,0.0,1.7334157142674934e-05
10,Aerys II Targaryen,0.1487603305785124,0.75,0.6909228522237925,0.07322931931678815,0.07477820100367306
11,Aggar,0.024793388429752067,0.08333333333333333,0.4215593827046134,0.041623916391256656,0.02547320628326273
12,Aggo,0.0743801652892562,0.5833333333333334,0.3813087944057579,0.0005227628495205227,0.03679706152495542
13,Alayaya,0.024793388429752067,0.16666666666666666,0.4215593827046134,0.013094565771054514,0.009368083160435687
14,Albett,0.01652892561983471,0.16666666666666666,0.25807748313688406,0.0,0.003319505185632898
15,Alebelly,0.024793388429752067,0.16666666666666666,0.5620791768043331,3.711229493375013e-05,0.006687207783808842
16,Alerie Hightower,0.008264462809917356,0.08333333333333333,0.0,0.0,0.0008647348636378227
17,Alester Florent,0.049586776859504134,0.4166666666666667,0.5480867959505417,0.0018885785845297843,0.014867774344675143
18,Alla Tyrell,0.03305785123966942,0.25,0.540137880687222,6.142006735178844e-05,0.015206819184137311
19,Allar Deem,0.008264462809917356,0.08333333333333333,0.2810395886048937,0.0,0.0011929846101152042
20,Allard Seaworth,0.01652892561983471,0.08333333333333333,0.4454372090086314,8.692501057414125e-05,0.007901641651786771
21,Alleras,0.05785123966942149,0.25,0.3650127954745389,0.07390784449813091,0.04325227345926612
22,Alliser Thorne,0.11570247933884298,0.5833333333333334,0.6032418644203128,0.011544151503110407,0.04829876803749409
23,Alyn,0.03305785123966942,0.3333333333333333,0.540137880687222,0.00011971708043145203,0.009131605797139683
24,Alys Arryn,0.008264462809917356,0.0,0.2810395886048937,0.013094565771054514,0.012258885045027798
25,Alys Karstark,0.01652892561983471,0.16666666666666666,0.4454372090086314,0.0,0.008085270975013643
26,Alysane Mormont,0.01652892561983471,0.16666666666666666,0.4454372090086314,0.0,0.014253440541290201
27,Amabel,0.008264462809917356,0.08333333333333333,0.2810395886048937,0.0,0.0061159697954989425
28,Amerei Frey,0.01652892561983471,0.16666666666666666,0.4454372090086314,1.1971708043145203e-05,0.005589236903332592
29,Amory Lorch,0.15702479338842976,0.9166666666666666,0.545035214209049,0.006149574936698292,0.028530838860745072
30,Anders Yronwood,0.008264462809917356,0.08333333333333333,0.2810395886048937,8.640450152878712e-05,0.0018457636010491031
31,Andrew Estermont,0.01652892561983471,0.08333333333333333,0.4454372090086314,0.013094565771054514,0.010565774769319716
32,Andrey Dalt,0.03305785123966942,0.3333333333333333,0.3852913907240007,0.0002134087085951971,0.017420517886553043
33,Anguy,0.06611570247933884,0.4166666666666667,0.7035146921455154,0.00657145792813873,0.030427054724046845
34,Anya Waynwood,0.049586776859504134,0.25,0.32286807454662103,0.003039481339802775,0.02630028515674996
35,Archibald Yronwood,0.024793388429752067,0.25,0.22800127035195036,1.2388115279428516e-05,0.019846679802857363
36,Ardrian Celtigar,0.0,0.0,0.0,0.0,0.006139645717449913
37,Areo Hotah,0.06611570247933884,0.4166666666666667,0.6174888645683722,0.0006786969493277157,0.04646413775688622
38,Arianne Martell,0.15702479338842976,0.4166666666666667,0.8229437609260261,0.09305853821697128,0.10149577428480888
39,Armen,0.04132231404958678,0.25,0.18268203390223922,8.796602866484954e-05,0.023724936746533164
40,Arnolf Karstark,0.03305785123966942,0.25,0.6525537159669977,0.013637097554117586,0.01380458452096972
41,Aron Santagar,0.0,0.0,0.0,0.0,0.0
42,Arron,0.01652892561983471,0.16666666666666666,0.4454372090086314,0.0,0.008614427830617832
43,Arson,0.0,0.0,0.0,0.0,0.00019076028543353238
44,Arstan,0.05785123966942149,0.4166666666666667,0.4918192797544732,0.0006450928853596526,0.030853164947921563
45,Arthor Karstark,0.0,0.0,0.0,0.0,0.0017929437466013426
46,Arthur Dayne,0.03305785123966942,0.16666666666666666,0.6525537159669977,0.02757219174179087,0.023840497794150994
47,Arwyn Oakheart,0.0,0.0,0.0,0.0,0.0005787071779730045
48,Arya Stark,0.6859504132231405,1.0,0.9459217702220442,0.45410438038551193,0.5164807388060171
49,Arys Oakheart,0.06611570247933884,0.4166666666666667,0.6174888645683722,0.009219167724774805,0.027460208032997924
50,Asha Greyjoy,0.19834710743801653,0.3333333333333333,0.7337098660683374,0.17189683177595294,0.1531951657262393
51,Ashara Dayne,0.0,0.0,0.0,0.0,0.00046218781922858566
52,Aurane Waters,0.06611570247933884,0.5833333333333334,0.6174888645683722,0.00040703807346693694,0.010238060549648365
53,Axell Florent,0.0743801652892562,0.4166666666666667,0.7437542241077779,0.008866096029130185,0.03691727320009933
54,Azor Ahai,0.0,0.0,0.0,0.0,0.0011478030590587698
55,Bael the Bard,0.0,0.0,0.0,0.0,0.0010028725939731876
56,Baelor Blacktyde,0.024793388429752067,0.25,0.22800127035195036,0.0,0.00925057730494331
57,Baelor I Targaryen,0.01652892561983471,0.16666666666666666,0.0,0.0,0.002863349089377536
58,Ballabar,0.01652892561983471,0.08333333333333333,0.4454372090086314,0.013094565771054514,0.011351533521878229
59,Balman Byrch,0.01652892561983471,0.16666666666666666,0.4454372090086314,0.0,0.007088035505314497
60,Balon Greyjoy,0.09917355371900827,0.5,0.4536908735453171,0.04968639850526459,0.07730938254520275
61,Balon Swann,0.12396694214876033,0.8333333333333334,0.6252011610918771,0.01873314656774774,0.02765691548454056
62,Bannen,0.008264462809917356,0.08333333333333333,0.2810395886048937,0.0,0.0044856852698250405
63,Barbrey Dustin,0.04132231404958678,0.3333333333333333,0.5391170717417778,0.0009511313836660722,0.016143709238482854
64,Barristan Selmy,0.3305785123966942,0.9166666666666666,0.8729766146341751,0.23708967361063904,0.16509406401512688
65,Barsena,0.0,0.0,0.0,0.0,0.0005902069114920472
66,Bartimus,0.0,0.0,0.0,0.0,0.0008205116237079742
67,Bedwyck,0.03305785123966942,0.3333333333333333,0.20289037484789482,0.0,0.005142072020294324
68,Belaquo,0.024793388429752067,0.25,0.2810395886048937,6.662515780532983e-05,0.010953580733752336
69,Bellegere Otherys,0.0,0.0,0.0,0.0,0.00017269330213523287
70,Belwas,0.09917355371900827,0.5833333333333334,0.5718989568838848,0.001462692878530574,0.05231769941742858
71,Ben Bones,0.008264462809917356,0.08333333333333333,0.2810395886048937,0.0,0.003117104238573472
72,Ben Plumm,0.06611570247933884,0.4166666666666667,0.6799421061201669,0.00560352971757908,0.0231521485490479
73,Benedar Belmore,0.03305785123966942,0.25,0.20289037484789482,0.002291114254754408,0.012039290868932547
74,Benerro,0.024793388429752067,0.25,0.5620791768043331,0.00019310885582638567,0.006102637996590836
75,Benethon Scales,0.008264462809917356,0.08333333333333333,0.2810395886048937,0.0,0.0027438984260106164
76,Benfred Tallhart,0.024793388429752067,0.16666666666666666,0.4215593827046134,0.001909919455389304,0.010855100172684847
77,Benjen Stark,0.10743801652892562,0.6666666666666666,0.6460609006495356,0.029541428407988735,0.038963662054061536
78,Beric Dondarrion,0.14049586776859505,0.75,0.5477849035090224,0.011137738040497896,0.052552062859121805
79,Beth Cassel,0.01652892561983471,0.16666666666666666,0.0,0.0,0.0028849392753471106
80,Big Boil,0.008264462809917356,0.08333333333333333,0.2810395886048937,0.0,0.0012362213532970962
81,Biter,0.03305785123966942,0.3333333333333333,0.4277220454074463,0.0004913605388143076,0.01601436542201499
82,Black Balaq,0.0,0.0,0.0,0.0,0.0033009590467713043
83,Blane,0.0,0.0,0.0,0.0,0.0001716222485231651
84,Bloodbeard,0.024793388429752067,0.25,0.5620791768043331,0.0005840944303346009,0.005018111657508172
85,Blue Bard,0.03305785123966942,0.25,0.6525537159669977,0.00472761189096668,0.009023908537884139
86,Bonifer Hasty,0.0,0.0,0.0,0.0,0.0004661619918417842
87,Boros Blount,0.10743801652892562,0.8333333333333334,0.6230709181628433,0.0011863077805379795,0.037577690494424554
88,Bowen Marsh,0.14049586776859505,0.5833333333333334,0.5790115242849198,0.005547736353007569,0.06267444961866686
89,Bran Stark,0.4380165289256198,0.9166666666666666,0.8760752412520804,0.23376674907018868,0.46463678331257885
90,Brandon Norrey,0.008264462809917356,0.0,0.2810395886048937,0.013094565771054514,0.010803238629363672
91,Brandon Stark,0.05785123966942149,0.4166666666666667,0.4918192797544732,0.002404881916797462,0.016824532922680102
92,Brea,0.01652892561983471,0.08333333333333333,0.25807748313688406,8.2240429165954e-06,0.0093716627343497
93,Brella,0.008264462809917356,0.08333333333333333,0.2810395886048937,0.0,0.002418833654748066
94,Brenett,0.0,0.0,0.0,0.0,0.00014882008083467104
95,Brienne of Tarth,0.36363636363636365,1.0,0.8954479150934231,0.16787415569529024,0.20141394297028478
96,Bronn,0.19834710743801653,0.75,0.8244747929033392,0.015095022569792716,0.09590656556709766
97,Brus Buckler,0.01652892561983471,0.16666666666666666,0.25807748313688406,0.0,0.00793591536737294
98,Brusco,0.008264462809917356,0.08333333333333333,0.2810395886048937,0.0,0.007544247972812601
99,Bryce Caron,0.03305785123966942,0.16666666666666666,0.540137880687222,0.02693468787831248,0.015957740508682258
100,Brynden Rivers,0.008264462809917356,0.08333333333333333,0.2810395886048937,0.0,0.0036963469433525104
101,Brynden Tully,0.1487603305785124,0.75,0.8053405400467102,0.011591923823293009,0.05871411614556103
102,Bump,0.0,0.0,0.0,0.0,0.003641525909787466
103,Butterbumps,0.008264462809917356,0.08333333333333333,0.2810395886048937,0.0,0.002089512854658617
104,Byam Flint,0.0,0.0,0.0,0.0,0.0002690599415999564
105,Caggo,0.03305785123966942,0.25,0.3852913907240007,0.013094565771054514,0.01752153515354385
106,Caleotte,0.024793388429752067,0.25,0.5620791768043331,0.00037997160310852167,0.00901469183969608
107,Camarron,0.0,0.0,0.0,0.0,0.001804753521955457
108,Captain Myraham,0.0,0.0,0.0,0.0,0.0009626235266565368
109,Captain Myraham Daughter,0.0,0.0,0.0,0.0,0.0005370770152092149
110,Catelyn Stark,0.6115702479338843,1.0,0.9395781519949714,0.286142914502954,0.42267332557608656
111,Cayn,0.01652892561983471,0.16666666666666666,0.25807748313688406,3.8413567547135475e-05,0.004356876980163213
112,Cedra,0.008264462809917356,0.08333333333333333,0.2810395886048937,0.0,0.00566122298031209
113,Cedric Payne,0.0,0.0,0.0,0.0,0.00027199124622245705
114,Cellador,0.024793388429752067,0.25,0.4215593827046134,8.2240429165954e-06,0.006440611782440937
115,Cersei Lannister,0.7933884297520661,1.0,0.9735840213199156,0.4617137333500868,0.6593281173586137
116,Chataya,0.0,0.0,0.0,0.0,0.001997937770826828
117,Chayle,0.008264462809917356,0.08333333333333333,0.2810395886048937,0.0,0.0023003413025077333
118,Chella,0.01652892561983471,0.16666666666666666,0.25807748313688406,0.0,0.0035715691975466224
119,Chett,0.049586776859504134,0.3333333333333333,0.5177791854623661,0.0004991681744946195,0.019645378095031373
120,Chiggen,0.01652892561983471,0.16666666666666666,0.4454372090086314,0.0,0.004155772571686815
121,Chiswyck,0.09917355371900827,0.9166666666666666,0.3641536180956526,0.0002227778714115716,0.014124406766657412
122,Clarence Crabb,0.0,0.0,0.0,0.0,0.000613713719714796
123,Clayton Suggs,0.01652892561983471,0.16666666666666666,0.25807748313688406,0.0,0.006099537578240113
124,Clement Piper,0.008264462809917356,0.08333333333333333,0.2810395886048937,0.0,0.0032308332208022404
125,Cleon,0.01652892561983471,0.08333333333333333,0.4454372090086314,9.94172276626406e-05,0.008425809652408436
126,Cleos Frey,0.049586776859504134,0.5,0.0,0.00010149926384405716,0.02474305776166763
127,Cletus Yronwood,0.03305785123966942,0.25,0.540137880687222,0.004096468648022519,0.011608840059366809
128,Cley Cerwyn,0.01652892561983471,0.16666666666666666,0.25807748313688406,0.0,0.0035043746762000584
129,Clubfoot Karl,0.008264462809917356,0.08333333333333333,0.0,0.0,0.0021913193190477897
130,Clydas,0.049586776859504134,0.4166666666666667,0.5980762108938943,0.001156362895158756,0.028209071807182844
131,Cohollo,0.024793388429752067,0.25,0.4215593827046134,0.0,0.009838275696133408
132,Coldhands,0.024793388429752067,0.25,0.22800127035195036,8.276093821130815e-05,0.004477877852705494
133,Colemon,0.04132231404958678,0.25,0.4100783301733357,0.0005967480052271601,0.01238261992284299
134,Colen of Greenpools,0.008264462809917356,0.08333333333333333,0.0,0.0,0.0018730754681568287
135,Conn,0.01652892561983471,0.08333333333333333,0.4454372090086314,0.013094565771054514,0.013557537549659894
136,Coratt,0.0,0.0,0.0,0.0,0.003425849535062673
137,Corliss Penny,0.0,0.0,0.0,0.0,0.00020412026996300878
138,Cortnay Penrose,0.049586776859504134,0.4166666666666667,0.467789770924468,0.0034371294300915237,0.013671238346267291
139,Cotter Pyke,0.0743801652892562,0.5833333333333334,0.3813087944057579,0.0013508458948648765,0.021400975893317197
140,Craster,0.11570247933884298,0.5833333333333334,0.6173854161166128,0.020269782961261324,0.07029804011563658
141,Creighton Longbough,0.01652892561983471,0.08333333333333333,0.25807748313688406,0.00013325031561065966,0.016814639769579164
142,Cressen,0.06611570247933884,0.5,0.5939162785430236,0.00183485164086833,0.030003058421774878
143,Cromm,0.008264462809917356,0.08333333333333333,0.0,0.0,0.008776015997933203
144,Cutjack,0.01652892561983471,0.0,0.25807748313688406,0.026172641815552206,0.02505338145295356
145,Daario Naharis,0.1487603305785124,0.5833333333333334,0.6013784948344982,0.028462626565678197,0.07242963410300092
146,Dacey Mormont,0.01652892561983471,0.16666666666666666,0.25807748313688406,0.0,0.0030558850689573914
147,Daemon Sand,0.008264462809917356,0.08333333333333333,0.2810395886048937,0.0,0.0011835142413348168
148,Daenerys Targaryen,0.5950413223140496,0.6666666666666666,0.8846083242972105,0.6163765002241832,0.622682384434795
149,Daeron I Targaryen,0.0,0.0,0.0,0.0,0.0005649807803657158
150,Daeron II Targaryen,0.008264462809917356,0.08333333333333333,0.2810395886048937,0.006489514189128627,0.001206260037780571
151,Dagmer,0.03305785123966942,0.3333333333333333,0.4277220454074463,0.0007493820776868079,0.011112096668338355
152,Dalbridge,0.01652892561983471,0.16666666666666666,0.4454372090086314,0.0,0.004273785768363855
153,Dalla,0.04132231404958678,0.4166666666666667,0.5037581929064822,0.0001826986749193029,0.015182494992894827
154,Damon Dance for Me,0.03305785123966942,0.25,0.540137880687222,4.866759574061203e-05,0.015789782390937215
155,Dancy,0.0,0.0,0.0,0.0,0.0017170680538727567
156,Danwell Frey,0.01652892561983471,0.08333333333333333,0.25807748313688406,0.005449630808139221,0.008378514179749233
157,Dareon,0.04132231404958678,0.3333333333333333,0.5037581929064822,0.01601019198351527,0.020179129206918906
158,Daryn Hornwood,0.008264462809917356,0.08333333333333333,0.2810395886048937,0.0,0.0026999852279158396
159,Daven Lannister,0.01652892561983471,0.16666666666666666,0.4454372090086314,0.0,0.005126062587356049
160,Davos Seaworth,0.2644628099173554,0.5,0.8596338309583962,0.12412480828350587,0.21551072782799938
161,Denyo Terys,0.008264462809917356,0.08333333333333333,0.2810395886048937,0.0,0.0046615071759323655
162,Denys Darklyn,0.0,0.0,0.0,0.0,0.0007540217428956662
163,Denys Mallister,0.06611570247933884,0.5833333333333334,0.2772249619167103,6.558413971462155e-05,0.018150130881342114
164,Denzo Dhan,0.0,0.0,0.0,0.0,0.0012310351989649783
165,Desmond,0.008264462809917356,0.08333333333333333,0.0,0.0,0.0012727781042142488
166,Desmond Grell,0.024793388429752067,0.16666666666666666,0.4215593827046134,1.6656289451332458e-05,0.011405678100530387
167,Devan Seaworth,0.04132231404958678,0.3333333333333333,0.6327969344749241,0.0017079255101587229,0.017335059082558585
168,Dick Crabb,0.03305785123966942,0.25,0.3852913907240007,0.013311513941158119,0.0169310463858381
169,Dick Follard,0.008264462809917356,0.08333333333333333,0.2810395886048937,0.0,0.0022361626426477825
170,Dick Straw,0.008264462809917356,0.0,0.2810395886048937,0.013094565771054514,0.012153076222404056
171,Dirk,0.008264462809917356,0.08333333333333333,0.0,0.0,0.00249586495795283
172,Dobber,0.0,0.0,0.0,0.0,0.00047675978547698076
173,Dolf,0.0,0.0,0.0,0.0,0.00437037789279954
174,Donal Noye,0.05785123966942149,0.4166666666666667,0.5620791768043331,0.0012513766162977004,0.028762327369058545
175,Donella Hornwood,0.049586776859504134,0.25,0.6283838213820696,0.0011664139248245442,0.011857775467308443
176,Donnel Waynwood,0.0,0.0,0.0,0.0,0.00014882008083467104
177,Dontos Hollard,0.06611570247933884,0.5,0.34410331111948167,0.0024375750899361553,0.027709932638337913
178,Doran Martell,0.1652892561983471,0.6666666666666666,0.8293880190220871,0.07566533808467871,0.07694485790402192
179,Dorcas,0.04132231404958678,0.3333333333333333,0.7264767972080707,2.7118521262950657e-05,0.011149611730382094
180,Doreah,0.04132231404958678,0.4166666666666667,0.18268203390223922,1.0774537238830683e-05,0.016240893260967313
181,Draqaz,0.0,0.0,0.0,0.0,0.003972199619702685
182,Drennan,0.008264462809917356,0.08333333333333333,0.2810395886048937,0.0,0.004655165411124069
183,Drogo,0.1652892561983471,0.5833333333333334,0.6920177084991468,0.06449374093078053,0.11721052655165863
184,Dryn,0.0,0.0,0.0,0.0,0.00034476652060032065
185,Dunsen,0.09917355371900827,0.9166666666666666,0.3641536180956526,0.0002227778714115716,0.03757117961588804
186,Dunstan Drumm,0.01652892561983471,0.16666666666666666,0.25807748313688406,3.8205363928993824e-05,0.007105707889913614
187,Dywen,0.05785123966942149,0.4166666666666667,0.4352726925243988,0.0028780662797480033,0.018221327760923244
188,Ebben,0.024793388429752067,0.16666666666666666,0.4215593827046134,5.5173958807538765e-06,0.009699630624613379
189,Eddard Stark,0.6033057851239669,1.0,0.9287012869629718,0.40980922718876917,0.5277345527786047
190,Eddison Tollett,0.15702479338842976,0.5833333333333334,0.5433074800741665,0.016276052388610806,0.05462999142339728
191,Edmure Tully,0.19008264462809918,0.75,0.8211385776986454,0.018012559050449923,0.09829975030639884
192,Edric Storm,0.04132231404958678,0.3333333333333333,0.5391170717417778,0.008384276421117219,0.019234967262259848
193,Edwyn Frey,0.024793388429752067,0.25,0.5620791768043331,5.413294071683049e-06,0.009285752960413323
194,Elbert Arryn,0.0,0.0,0.0,0.0,0.0003806186309832186
195,Elder Brother,0.01652892561983471,0.16666666666666666,0.25807748313688406,0.0,0.005004244331794032
196,Eldon Estermont,0.008264462809917356,0.0,0.2810395886048937,0.013094565771054514,0.013547334354723878
197,Elia Martell,0.06611570247933884,0.5,0.5283445755430721,0.014053931607818088,0.02035221710775332
198,Elinor Tyrell,0.03305785123966942,0.25,0.3852913907240007,0.00016448085833190801,0.016719259626862396
199,Ellaria Sand,0.04132231404958678,0.4166666666666667,0.5391170717417778,0.005146762209919008,0.007052690736116263
200,Elmar Frey,0.06611570247933884,0.6666666666666666,0.34410331111948167,0.000548637354165077,0.01305662268666865
201,Elys Waynwood,0.0,0.0,0.0,0.0,0.008179946477196153
202,Emmett,0.03305785123966942,0.25,0.6525537159669977,0.00011555300806861893,0.012073902811975156
203,Emmon Cuy,0.01652892561983471,0.16666666666666666,0.25807748313688406,8.796602866484954e-05,0.004838935662457792
204,Emmon Frey,0.05785123966942149,0.3333333333333333,0.6323390738541929,0.002416229013986182,0.01736034158492766
205,Emmond,0.0,0.0,0.0,0.0,0.002123110115331899
206,Emrick,0.01652892561983471,0.16666666666666666,0.4454372090086314,0.0,0.007347568706891325
207,Eon Hunter,0.01652892561983471,0.16666666666666666,0.4454372090086314,0.0,0.0022294262791403034
208,Eroeh,0.0,0.0,0.0,0.0,0.0019199763421168467
209,Errok,0.01652892561983471,0.16666666666666666,0.4454372090086314,5.5173958807538765e-06,0.00684938784917299
210,Euron Greyjoy,0.09917355371900827,0.3333333333333333,0.7315904491777859,0.04166614008501579,0.11970746256322352
211,Eustace Brune,0.0,0.0,0.0,0.0,0.000762533800549467
212,Ezzara,0.0,0.0,0.0,0.0,0.0002577575074305051
213,Falyse Stokeworth,0.024793388429752067,0.16666666666666666,0.4215593827046134,2.8680048399013072e-05,0.010435529012968008
214,Farlen,0.0,0.0,0.0,0.0,0.0018137447351725528
215,Florian the Fool,0.008264462809917356,0.0,0.2810395886048937,0.013094565771054514,0.01637810086579746
216,Fogo,0.0,0.0,0.0,0.0,0.0032059453171323503
217,Forley Prester,0.008264462809917356,0.08333333333333333,0.2810395886048937,0.0,0.0015305074260233834
218,Franklyn Flowers,0.01652892561983471,0.08333333333333333,0.25807748313688406,0.013094565771054514,0.009791036594716947
219,Franklyn Fowler,0.0,0.0,0.0,0.0,0.0007127579932096889
220,Frenken,0.0,0.0,0.0,0.0,0.0018320372034418136
221,Frenya,0.008264462809917356,0.08333333333333333,0.2810395886048937,0.0,0.004691186635235189
222,Fulk,0.008264462809917356,0.08333333333333333,0.2810395886048937,0.0,0.002763431061620166
223,Galazza Galare,0.04132231404958678,0.3333333333333333,0.6327969344749241,0.00039975094683197896,0.020729340721686633
224,Galbart Glover,0.05785123966942149,0.4166666666666667,0.5355600176778613,0.004925613531819395,0.012909014587552895
225,Galyeon of Cuy,0.0,0.0,0.0,0.0,8.168193073084738e-05
226,Gared,0.01652892561983471,0.08333333333333333,0.25807748313688406,0.005314152713814446,0.02018690843841708
227,Garin (orphan),0.06611570247933884,0.3333333333333333,0.5786082082310171,0.004155832704645158,0.0313792495707964
228,Gariss,0.008264462809917356,0.0,0.2810395886048937,0.013094565771054514,0.023431101643748797
229,Garlan Tyrell,0.049586776859504134,0.4166666666666667,0.32286807454662103,0.013112497307666964,0.015538338462693637
230,Garrett Paege,0.0,0.0,0.0,0.0,0.00016471677128746516
231,Garth (Wolfs Den),0.008264462809917356,0.08333333333333333,0.2810395886048937,0.0,0.003102673200431927
232,Garth Greyfeather,0.01652892561983471,0.16666666666666666,0.25807748313688406,0.0,0.006980817401622246
233,Garth Tyrell,0.0,0.0,0.0,0.0,1.9927234308733166e-05
234,Gawen Westerling,0.008264462809917356,0.08333333333333333,0.0,1.3741438797349279e-05,0.0027502120051975405
235,Gelmarr,0.0,0.0,0.0,0.0,0.005472492059617212
236,Gendel,0.008264462809917356,0.08333333333333333,0.2810395886048937,0.0,0.004804126420065591
237,Gendry,0.15702479338842976,0.5833333333333334,0.8229437609260261,0.06488963490558643,0.08895221446394204
238,Genna Lannister,0.01652892561983471,0.16666666666666666,0.25807748313688406,0.0,0.004426636393054465
239,Gerald Gower,0.0,0.0,0.0,0.0,0.003113693778387677
240,Gerold Dayne,0.03305785123966942,0.3333333333333333,0.4277220454074463,4.752247584083292e-05,0.012915581837332152
241,Gerold Grafton,0.0,0.0,0.0,0.0,0.004303888011987232
242,Gerold Hightower,0.05785123966942149,0.3333333333333333,0.6058199147277211,0.04370062256004879,0.02483674676710218
243,Gerrick Kingsblood,0.008264462809917356,0.0,0.2810395886048937,0.013094565771054514,0.009555151129469721
244,Gerris Drinkwater,0.06611570247933884,0.25,0.5283445755430721,0.013829821233250411,0.044915027820758506
245,Ghael,0.008264462809917356,0.08333333333333333,0.2810395886048937,0.0,0.004850548138462316
246,Gilly,0.10743801652892562,0.5833333333333334,0.5480867959505417,0.005857340338274665,0.06998402410795115
247,Gilwood Hunter,0.03305785123966942,0.25,0.20289037484789482,0.0014335027312671136,0.013470387608383226
248,Godric Borrell,0.0,0.0,0.0,0.0,0.0027706183950695676
249,Godry Farring,0.049586776859504134,0.3333333333333333,0.6283838213820696,0.005259613776042239,0.011896671624799321
250,Goghor the Giant,0.024793388429752067,0.25,0.22800127035195036,5.5173958807538765e-06,0.014201212584891215
251,Gormon Tyrell,0.0,0.0,0.0,0.0,0.004591691391798373
252,Gormond Goodbrother,0.0,0.0,0.0,0.0,0.0035544323397535384
253,Gorne,0.008264462809917356,0.08333333333333333,0.2810395886048937,0.0,0.004804126420065591
254,Gorold Goodbrother,0.008264462809917356,0.08333333333333333,0.0,0.0,0.008654338670478039
255,Grazdan mo Eraz,0.0,0.0,0.0,0.0,0.001197635237641289
256,Grazhar,0.01652892561983471,0.16666666666666666,0.4454372090086314,0.00019571140105315637,0.00633373190620513
257,Greenbeard,0.049586776859504134,0.4166666666666667,0.5177791854623661,2.977311739425677e-05,0.014502573248581426
258,Gregor Clegane,0.2644628099173554,1.0,0.6741717063782788,0.02855452243763547,0.11304920141256188
259,Grenn,0.11570247933884298,0.5833333333333334,0.5424415259300956,0.002470757541577482,0.0842521775435966
260,Gretchel,0.024793388429752067,0.25,0.4215593827046134,6.246108544249672e-05,0.009522596736787138
261,Grey Worm,0.05785123966942149,0.5833333333333334,0.2982611674018102,0.00016968594878544942,0.01850013992751729
262,Greydon Goodbrother,0.0,0.0,0.0,0.0,0.002123110115331899
263,Grigg,0.01652892561983471,0.16666666666666666,0.4454372090086314,5.5173958807538765e-06,0.007381926979341601
264,Grimtongue,0.024793388429752067,0.16666666666666666,0.4215593827046134,0.006616893162707692,0.018654738060732853
265,Grisel,0.0,0.0,0.0,0.0,8.280935558565567e-05
266,Groleo,0.04132231404958678,0.3333333333333333,0.5037581929064822,0.00018582172919142772,0.01095160774025642
267,Grunt,0.01652892561983471,0.16666666666666666,0.25807748313688406,0.0,0.007518965470443528
268,Guncer Sunglass,0.008264462809917356,0.08333333333333333,0.2810395886048937,0.0,0.0016977890888555385
269,Gunthor son of Gurn,0.0,0.0,0.0,0.0,0.001176665135341858
270,Guyard Morrigen,0.008264462809917356,0.08333333333333333,0.2810395886048937,0.0,0.005663477830021706
271,Gyles Grafton,0.008264462809917356,0.08333333333333333,0.2810395886048937,0.0,0.008885883550034255
272,Gyles Rosby,0.14049586776859505,0.75,0.7797167734879653,0.00216240798310969,0.029963175767536047
273,Gynir,0.008264462809917356,0.08333333333333333,0.2810395886048937,0.00041953029055543625,0.0084042758376816
274,Hagen,0.04132231404958678,0.16666666666666666,0.3517573458700305,0.006765321522080879,0.022073992160394903
275,Haggo,0.04132231404958678,0.3333333333333333,0.5391170717417778,1.6239882215049147e-05,0.015865742640529912
276,Haggon,0.0,0.0,0.0,0.0,0.006270173330015322
277,Hairy Hal,0.01652892561983471,0.16666666666666666,0.25807748313688406,0.0,0.006671959362647562
278,Hake,0.0,0.0,0.0,0.0,0.000500858491748504
279,Halder,0.05785123966942149,0.3333333333333333,0.5620791768043331,0.00022954448900117542,0.02019919736933449
280,Haldon,0.08264462809917356,0.4166666666666667,0.6656485962955301,0.0014852100998325938,0.04499814721817923
281,Hali,0.0,0.0,0.0,0.0,5.5892087177112154e-05
282,Hallis Mollen,0.04132231404958678,0.3333333333333333,0.5391170717417778,0.0006143255956887693,0.014721350041656938
283,Hallyne,0.008264462809917356,0.08333333333333333,0.0,0.0,0.0013391552425410765
284,Halys Hornwood,0.0,0.0,0.0,0.0,0.00022582319841806518
285,Hareth (Moles Town),0.08264462809917356,0.3333333333333333,0.6656485962955301,0.011469088893679886,0.029647412251325663
286,Harl,0.0,0.0,0.0,0.0,0.002641302764223078
287,Harma,0.05785123966942149,0.4166666666666667,0.5620791768043331,0.00020351903673346847,0.014210231983729681
288,Harra,0.008264462809917356,0.08333333333333333,0.2810395886048937,0.0,0.004308566825134686
289,Harras Harlaw,0.0,0.0,0.0,0.0,0.0014976429915057273
290,Harren Hoare,0.01652892561983471,0.16666666666666666,0.4454372090086314,0.0003992304377866248,0.00550287615945429
291,Harrold Hardyng,0.01652892561983471,0.16666666666666666,0.25807748313688406,4.398301433242477e-05,0.00613102091731063
292,Harry Strickland,0.01652892561983471,0.08333333333333333,0.25807748313688406,2.7795183021911036e-05,0.011996054125750655
293,Harwin,0.08264462809917356,0.5,0.7292714878941773,0.0018640209677699758,0.023276926294853784
294,Harwood Stout,0.0,0.0,0.0,0.0,0.0013881700381038595
295,Harys Swyft,0.06611570247933884,0.5833333333333334,0.492582380653874,0.00043150199859858147,0.01157693393597574
296,Hayhead,0.008264462809917356,0.08333333333333333,0.2810395886048937,0.0,0.002560240917162374
297,Helman Tallhart,0.024793388429752067,0.16666666666666666,0.5620791768043331,0.0007080848900284106,0.006330969715310848
298,Hero,0.024793388429752067,0.25,0.4215593827046134,0.0,0.007598815335785312
299,Heward,0.008264462809917356,0.08333333333333333,0.2810395886048937,0.0,0.0028685352437096525
300,High Septon (fat one),0.01652892561983471,0.16666666666666666,0.0,0.0,0.002402147766896906
301,High Septon (Tyrions),0.024793388429752067,0.25,0.0,0.0,0.005515841545284583
302,High Sparrow,0.05785123966942149,0.4166666666666667,0.7728588683593669,0.00019623191009851052,0.021688074632594083
303,Hizdahr zo Loraq,0.17355371900826447,0.5833333333333334,0.7530102704974042,0.030857478273171684,0.11652964649621862
304,Hobb,0.08264462809917356,0.5833333333333334,0.4544942920213852,0.0004528428694581012,0.015755114076651866
305,Hobber Redwyne,0.0,0.0,0.0,0.0,0.012075509392393258
306,Hodor,0.08264462809917356,0.5833333333333334,0.6656485962955301,0.0011112035303838307,0.1004570495804528
307,Holly,0.024793388429752067,0.16666666666666666,0.5620791768043331,4.549249056395177e-05,0.01267174802685853
308,Hop Robin,0.01652892561983471,0.16666666666666666,0.4454372090086314,0.0,0.004841810595837553
309,Horas Redwyne,0.008264462809917356,0.0,0.2810395886048937,0.013094565771054514,0.015368012752753504
310,Horton Redfort,0.024793388429752067,0.25,0.0,9.629417339051578e-06,0.013322948622995696
311,Hosteen Frey,0.024793388429752067,0.08333333333333333,0.4215593827046134,0.005041837996556521,0.015047147639075114
312,Hoster Blackwood,0.0,0.0,0.0,0.0,0.0004661619918417842
313,Hoster Tully,0.0743801652892562,0.5,0.6525537159669977,0.0018090031616760434,0.028317727377564977
314,Hot Pie,0.08264462809917356,0.4166666666666667,0.818942917131588,0.01582452640703745,0.06883557277960088
315,Hother Umber,0.024793388429752067,0.25,0.4215593827046134,0.0002238188895022799,0.0070048879222723995
316,Hotho Harlaw,0.024793388429752067,0.16666666666666666,0.4215593827046134,0.0030783737756716364,0.014688006451575988
317,Howland Reed,0.008264462809917356,0.08333333333333333,0.2810395886048937,0.0,0.00088096978154706
318,Hugh,0.0,0.0,0.0,0.0,0.00016612605235597532
319,Hugh Hungerford,0.0,0.0,0.0,0.0,0.005905000419542974
320,Hugo Vance,0.0,0.0,0.0,0.0,0.00016471677128746516
321,Hullen,0.04132231404958678,0.4166666666666667,0.5037581929064822,0.00024203670608967476,0.005349828235414089
322,Humfrey Hewett,0.008264462809917356,0.08333333333333333,0.0,0.0,0.004279394707016525
323,Husband,0.008264462809917356,0.08333333333333333,0.2810395886048937,0.0,0.0018402110336391728
324,Hyle Hunt,0.049586776859504134,0.4166666666666667,0.467789770924468,0.0014881301555770307,0.020030506425433824
325,Illifer,0.008264462809917356,0.08333333333333333,0.2810395886048937,0.0,0.012773131706927147
326,Illyrio Mopatis,0.09090909090909091,0.5833333333333334,0.5774197702372268,0.006259183731468968,0.04244841953778794
327,Ilyn Payne,0.17355371900826447,0.9166666666666666,0.4526840207464815,0.0046601174830556095,0.06940131457174359
328,Imry Florent,0.0,0.0,0.0,0.0,0.0004304789951871079
329,Irri,0.11570247933884298,0.5833333333333334,0.2919778163252576,0.005168009389150364,0.07171535408623723
330,Jacelyn Bywater,0.06611570247933884,0.6666666666666666,0.5786082082310171,7.911737489382918e-05,0.013855854166242122
331,Jack Be Lucky,0.0,0.0,0.0,0.0,0.0010505062940888302
332,Jack Bulwer,0.03305785123966942,0.16666666666666666,0.540137880687222,0.0007975343694725193,0.009920831381126734
333,Jacks,0.0,0.0,0.0,0.0,0.0003605222829462646
334,Jaehaerys I Targaryen,0.0,0.0,0.0,0.0,0.0011620649834720924
335,Jafer Flowers,0.0,0.0,0.0,0.0,0.0009685143215229103
336,Jaime Lannister,0.8264462809917356,1.0,0.9723040138779782,0.5248709423847496,0.5507151354503723
337,Jalabhar Xho,0.03305785123966942,0.25,0.540137880687222,0.004199675181535337,0.007516795177598024
338,Janos Slynt,0.18181818181818182,0.8333333333333334,0.5167868248208831,0.03738661361083267,0.058355059514926026
339,Jaqen Hghar,0.04132231404958678,0.3333333333333333,0.5391170717417778,0.00014626304174451314,0.021637171400399495
340,Jared Frey,0.01652892561983471,0.08333333333333333,0.0,3.159489905299626e-05,0.011471773382643515
341,Jaremy Rykker,0.03305785123966942,0.25,0.6525537159669977,0.013109410689028014,0.01404627622421921
342,Jarl,0.05785123966942149,0.4166666666666667,0.4352726925243988,0.00010774537238830683,0.022973395338318076
343,Jarman Buckwell,0.01652892561983471,0.16666666666666666,0.4454372090086314,0.0,0.004672133155188931
344,Jason Mallister,0.01652892561983471,0.16666666666666666,0.4454372090086314,0.0003388513885255447,0.004254394060861155
345,Jeor Mormont,0.2231404958677686,0.5833333333333334,0.78086149579159,0.08988277199382343,0.16692029498056643
346,Jeyne Farman,0.0,0.0,0.0,0.0,0.003500879659150153
347,Jeyne Heddle,0.0,0.0,0.0,0.0,0.000613713719714796
348,Jeyne Poole,0.09917355371900827,0.6666666666666666,0.720992554627096,0.0089886967296729,0.039757961049895235
349,Jeyne Westerling,0.03305785123966942,0.25,0.540137880687222,0.005284171392802047,0.017161266541189917
350,Jhiqui,0.09090909090909091,0.5833333333333334,0.2925206411361713,0.000373725494564272,0.05811621455943492
351,Jhogo,0.09090909090909091,0.5833333333333334,0.5004393623709769,0.0008609063457443857,0.043881602013220014
352,Joanna Lannister,0.0,0.0,0.0,0.0,0.0003215697542126437
353,Jocelyn Swyft,0.03305785123966942,0.3333333333333333,0.6525537159669977,9.525315529980749e-06,0.008184117949158945
354,Joffrey Baratheon,0.5619834710743802,1.0,0.8550746573705492,0.16530702069887504,0.4849449462941305
355,Jojen Reed,0.0743801652892562,0.5833333333333334,0.4414993083638885,0.001413697362091389,0.06813501916044448
356,Jommo,0.008264462809917356,0.08333333333333333,0.2810395886048937,0.0,0.003243516750418831
357,Jon Arryn,0.1322314049586777,0.9166666666666666,0.48789629537240675,0.045865867317455664,0.06466579195409307
358,Jon Connington,0.12396694214876033,0.5,0.724469340068474,0.06605169737479182,0.06734108657768861
359,Jon Fossoway,0.0,0.0,0.0,0.0,0.0008696391617562374
360,Jon Snow,0.9338842975206612,0.9166666666666666,0.9236107045388752,1.0,1.0
361,Jon Umber (Greatjon),0.10743801652892562,0.5833333333333334,0.7836649690258994,0.007083940724013508,0.03886148917659456
362,Jon Umber (Smalljon),0.008264462809917356,0.08333333333333333,0.2810395886048937,0.0,0.0022157844383971256
363,Jonos Bracken,0.008264462809917356,0.08333333333333333,0.2810395886048937,0.0,0.0037844270101343937
364,Jonothor Darry,0.008264462809917356,0.08333333333333333,0.0,0.0,0.009591285096066323
365,Jonquil,0.0,0.0,0.0,0.0,0.013207472132241976
366,Jorah Mormont,0.2066115702479339,0.5833333333333334,0.6713140368624879,0.056354358810411974,0.13320169520728592
367,Joramun,0.008264462809917356,0.08333333333333333,0.0,0.0,0.0024272047842950166
368,Jory Cassel,0.1652892561983471,0.9166666666666666,0.681915171399452,0.025390951741420267,0.05126460004617368
369,Joseth,0.008264462809917356,0.08333333333333333,0.2810395886048937,0.0,0.0011195892520671972
370,Josmyn Peckledon,0.008264462809917356,0.08333333333333333,0.2810395886048937,0.0,0.0074090979183424775
371,Joss,0.0,0.0,0.0,0.0,0.0006355293906553335
372,Joy Hill,0.0,0.0,0.0,0.0,0.00016471677128746516
373,Justin Massey,0.03305785123966942,0.16666666666666666,0.540137880687222,0.00024984434176998687,0.021982642561534076
374,Jyck,0.008264462809917356,0.08333333333333333,0.2810395886048937,0.0,0.005663844243099518
375,Karyl Vance,0.024793388429752067,0.16666666666666666,0.5620791768043331,0.00010878639047901511,0.0074798720136030564
376,Kasporio,0.01652892561983471,0.16666666666666666,0.4454372090086314,0.0,0.0031901613691650375
377,Kedry,0.008264462809917356,0.08333333333333333,0.2810395886048937,0.0,0.002498965376303554
378,Kegs,0.049586776859504134,0.3333333333333333,0.5480867959505417,5.137424277645355e-05,0.010431583025976177
379,Kella,0.0,0.0,0.0,0.0,1.6714073472529875e-05
380,Kerwin,0.0,0.0,0.0,0.0,0.008209287709042536
381,Kevan Lannister,0.1322314049586777,0.8333333333333334,0.6109725150545257,0.009854839396413547,0.057513916016375066
382,Khorane Sathmantes,0.01652892561983471,0.16666666666666666,0.4454372090086314,0.0,0.0033041722076075078
383,Khrazz,0.03305785123966942,0.25,0.540137880687222,0.0038912371365298353,0.014064765991838063
384,Kindly Man,0.008264462809917356,0.08333333333333333,0.2810395886048937,0.0,0.010251899689741136
385,Kojja Mo,0.008264462809917356,0.08333333333333333,0.0,0.0,0.0037909378886709106
386,Koss,0.008264462809917356,0.08333333333333333,0.2810395886048937,0.0,0.001815041273755581
387,Kraznys mo Nakloz,0.008264462809917356,0.08333333333333333,0.2810395886048937,0.0,0.005625258127443711
388,Kurleket,0.0,0.0,0.0,0.0,0.0006291594402256675
389,Kurz,0.0,0.0,0.0,0.0,0.010028782310974609
390,Kyra,0.0,0.0,0.0,0.0,0.0009626235266565368
391,Lambert Turnberry,0.01652892561983471,0.16666666666666666,0.0,5.5173958807538765e-06,0.005159518919922479
392,Lamprey,0.024793388429752067,0.16666666666666666,0.4215593827046134,5.5173958807538765e-06,0.0076137537151115195
393,Lancel Lannister,0.09090909090909091,0.6666666666666666,0.5004393623709769,0.0027079066677312812,0.04230230527660481
394,Lanna (Happy Port),0.0,0.0,0.0,0.0,0.0009428654060760252
395,Lark,0.04132231404958678,0.3333333333333333,0.5391170717417778,0.013475859467138236,0.0154107703403721
396,Larraq,0.0,0.0,0.0,0.0,0.00018906914815132033
397,Leaf,0.008264462809917356,0.08333333333333333,0.2810395886048937,0.0,0.002033648953102875
398,Leathers,0.03305785123966942,0.16666666666666666,0.540137880687222,0.00011815555329538962,0.014183483829049359
399,Lem,0.11570247933884298,0.5,0.7539136326772208,0.030880047545378243,0.05926396124725095
400,Lemore,0.049586776859504134,0.4166666666666667,0.38749274549293994,1.061838452522444e-05,0.0172246560036515
401,Leo Lefford,0.0,0.0,0.0,0.0,0.00035542068547825777
402,Leo Tyrell,0.03305785123966942,0.25,0.20289037484789482,0.027102942427223206,0.023177374680174233
403,Leobald Tallhart,0.01652892561983471,0.16666666666666666,0.4454372090086314,0.00010670435429759856,0.0051958220002473006
404,Leona Woolfield,0.008264462809917356,0.08333333333333333,0.2810395886048937,0.0,0.002251692920022764
405,Leonette Fossoway,0.0,0.0,0.0,0.0,0.0005109207585776666
406,Lewyn Martell,0.024793388429752067,0.08333333333333333,0.4215593827046134,0.006862526586300764,0.016871715652853822
407,Lewys Piper,0.0,0.0,0.0,0.0,0.00016471677128746516
408,Lollys Stokeworth,0.049586776859504134,0.4166666666666667,0.6283838213820696,6.0899558306434295e-05,0.015700405785572306
409,Lommy Greenhands,0.04132231404958678,0.3333333333333333,0.6327969344749241,5.7776504034309465e-05,0.032542892949065226
410,Longwater Pyke,0.0,0.0,0.0,0.0,0.0014976429915057273
411,Loras Tyrell,0.2231404958677686,1.0,0.6317211978082238,0.007509576585670948,0.09036259477168561
412,Lorent Caswell,0.0,0.0,0.0,0.0,9.628208260061313e-05
413,Lorren,0.05785123966942149,0.16666666666666666,0.5090408585513897,0.01953797326894567,0.03497491747461454
414,Lothar Frey,0.08264462809917356,0.5,0.7678448101862352,0.0014451048778880576,0.01856801090377674
415,Lothor Brune,0.03305785123966942,0.25,0.540137880687222,0.00023631110659077923,0.009308414199994966
416,Lucas Codd,0.008264462809917356,0.0,0.2810395886048937,0.013094565771054514,0.016261666063917154
417,Lucifer Long,0.0,0.0,0.0,0.0,0.0017674639448826798
418,Luton,0.0,0.0,0.0,0.0,0.0018133501364733697
419,Luwin,0.17355371900826447,0.75,0.7937238496317739,0.016403348080742612,0.1117503234229588
420,Lyanna Mormont,0.0,0.0,0.0,0.0,0.00020412026996300878
421,Lyanna Stark,0.03305785123966942,0.3333333333333333,0.3852913907240007,5.9858540215726016e-05,0.01039449074825299
422,Lyle Crakehall,0.03305785123966942,0.25,0.540137880687222,4.705401770001419e-05,0.007965792126025354
423,Lyn Corbray,0.024793388429752067,0.16666666666666666,0.5620791768043331,0.00010930689952436924,0.007969287143075258
424,Lynesse Hightower,0.0,0.0,0.0,0.0,0.0002577575074305051
425,Lyonel Corbray,0.008264462809917356,0.08333333333333333,0.2810395886048937,0.0,0.002886799526357544
426,Lysa Arryn,0.19008264462809918,0.9166666666666666,0.6935877261353559,0.03156665623219534,0.10530119958286407
427,Lysono Maar,0.0,0.0,0.0,0.0,0.0002577575074305051
428,Mace Tyrell,0.18181818181818182,0.9166666666666666,0.7676369576266474,0.030612865047307508,0.06120575326030834
429,Mad Huntsman,0.0,0.0,0.0,0.0,0.00047675978547698076
430,Maddy,0.03305785123966942,0.25,0.3852913907240007,0.0001910268196449691,0.01323049978490143
431,Maege Mormont,0.03305785123966942,0.25,0.4277220454074463,2.0872412718700984e-05,0.009196489097533891
432,Maegor I Targaryen,0.04132231404958678,0.3333333333333333,0.5037581929064822,0.01317085678183207,0.010362246397405479
433,Maekar I Targaryen,0.0,0.0,0.0,0.0,0.00020894001121731371
434,Mag Mar Tun Doh Weg,0.008264462809917356,0.08333333333333333,0.2810395886048937,0.0,0.002279455757072414
435,Maggy,0.008264462809917356,0.08333333333333333,0.2810395886048937,0.0,0.003706606509531264
436,Malaquo Maegyr,0.0,0.0,0.0,0.0,0.01256619287482712
437,Malegorn,0.024793388429752067,0.16666666666666666,0.4215593827046134,0.0018264350096049533,0.00940914961077207
438,Mallador Locke,0.0,0.0,0.0,0.0,0.0012313170551786802
439,Mance Rayder,0.2644628099173554,0.5833333333333334,0.7831765338982258,0.07081569284802874,0.13886401742683147
440,Mandon Moore,0.06611570247933884,0.6666666666666666,0.2772249619167103,0.00012023758947680617,0.014405389226096963
441,Manfrey Martell,0.0,0.0,0.0,0.0,0.008639315734287722
442,Margaery Tyrell,0.2396694214876033,0.9166666666666666,0.8091860120853888,0.023661966435286518,0.12582202307765394
443,Marghaz zo Loraq,0.0,0.0,0.0,0.0,0.0010453201397567123
444,Marillion,0.06611570247933884,0.5833333333333334,0.5786082082310171,0.0004356660709614146,0.018018504029543265
445,Mariya Darry,0.008264462809917356,0.08333333333333333,0.2810395886048937,0.0,0.002568358376116992
446,Mark Mullendore,0.0,0.0,0.0,0.0,1.9927234308733166e-05
447,Marlon Manderly,0.008264462809917356,0.08333333333333333,0.2810395886048937,0.0,0.0021542270413246025
448,Maron Greyjoy,0.0,0.0,0.0,0.0,8.548698961582508e-05
449,Marq Piper,0.05785123966942149,0.5,0.4352726925243988,0.0009262198207554231,0.010116777820892382
450,Marselen,0.008264462809917356,0.08333333333333333,0.2810395886048937,0.0,0.005456341698572085
451,Martyn Lannister,0.008264462809917356,0.08333333333333333,0.2810395886048937,0.00016187831310513731,0.00382422510750912
452,Martyn Rivers,0.0,0.0,0.0,0.0,0.00013554465316930505
453,Marwyn,0.01652892561983471,0.16666666666666666,0.25807748313688406,0.0029248704531062474,0.007020418199647381
454,Marya Seaworth,0.008264462809917356,0.08333333333333333,0.2810395886048937,0.0,0.00476630131618678
455,Masha Heddle,0.0,0.0,0.0,0.0,0.0007410845426867427
456,Mathis Rowan,0.05785123966942149,0.4166666666666667,0.6058199147277211,0.013472215903820755,0.016043199312676712
457,Matthar,0.0,0.0,0.0,0.0,0.00019076028543353238
458,Matthos Seaworth,0.0,0.0,0.0,0.0,0.0004304789951871079
459,Mebble,0.0,0.0,0.0,0.0,0.0005664182470555959
460,Meera Reed,0.08264462809917356,0.5833333333333334,0.5734256987479744,0.001567450528998548,0.07661962401903116
461,Megga Tyrell,0.024793388429752067,0.25,0.4215593827046134,0.0,0.01768391251825759
462,Melara Hetherspoon,0.024793388429752067,0.08333333333333333,0.4215593827046134,0.013464824675376727,0.012656809647532323
463,Meldred Merlyn,0.008264462809917356,0.08333333333333333,0.0,0.0,0.006507327148224208
464,Melisandre,0.18181818181818182,0.5833333333333334,0.8466261087339157,0.03378295251677054,0.11580953205583132
465,Mellei,0.008264462809917356,0.08333333333333333,0.2810395886048937,0.0,0.008390746739423902
466,Meralyn,0.0,0.0,0.0,0.0,0.001997204944671202
467,Meribald,0.03305785123966942,0.16666666666666666,0.4277220454074463,8.640450152878712e-05,0.018721960767700788
468,Meris,0.04132231404958678,0.25,0.5037581929064822,0.015956964728537356,0.02714086494287352
469,Mero,0.024793388429752067,0.16666666666666666,0.5620791768043331,0.013094565771054514,0.012180754502589597
470,Merrett Frey,0.008264462809917356,0.08333333333333333,0.2810395886048937,4.564864327755802e-05,0.0013379432608221587
471,Merrit,0.0,0.0,0.0,0.0,0.0002760217900783961
472,Meryn Trant,0.1652892561983471,0.9166666666666666,0.467789770924468,0.004895803978791963,0.07492363880994331
473,Mezzara,0.008264462809917356,0.08333333333333333,0.2810395886048937,0.0,0.0033182650182926095
474,Mikken,0.03305785123966942,0.16666666666666666,0.540137880687222,0.0012286720117393529,0.010455681732247701
475,Miklaz,0.01652892561983471,0.08333333333333333,0.4454372090086314,0.013094565771054514,0.01241607625540942
476,Mirri Maz Duur,0.04132231404958678,0.3333333333333333,0.4100783301733357,5.0125021067603606e-05,0.021770573946344667
477,Missandei,0.06611570247933884,0.5833333333333334,0.4065565530767308,0.0005012502106760361,0.03867639420105643
478,Moelle,0.01652892561983471,0.16666666666666666,0.25807748313688406,0.0,0.011749965465567416
479,Mollander,0.024793388429752067,0.25,0.0,2.0612158196023916e-05,0.02028141482687137
480,Monford Velaryon,0.01652892561983471,0.08333333333333333,0.4454372090086314,0.013094565771054514,0.011738691217019334
481,Moon Boy,0.024793388429752067,0.25,0.5620791768043331,4.8407341217934956e-05,0.008792560957677513
482,Moqorro,0.03305785123966942,0.25,0.6525537159669977,0.012542794952436405,0.02421142057138286
483,Mord,0.0,0.0,0.0,0.0,0.004735438060786407
484,Mordane,0.08264462809917356,0.75,0.41906230367225417,0.0024830988110428284,0.039649812820697766
485,Moreo Tumitis,0.0,0.0,0.0,0.0,0.00014882008083467104
486,Morgo,0.0,0.0,0.0,0.0,0.00035542068547825777
487,Morra,0.008264462809917356,0.08333333333333333,0.2810395886048937,0.0,0.008390746739423902
488,Morrec,0.008264462809917356,0.08333333333333333,0.2810395886048937,0.0,0.00515413546624077
489,Mors Umber,0.024793388429752067,0.25,0.22800127035195036,0.0012401023903753298,0.00855168663744776
490,Mully,0.06611570247933884,0.4166666666666667,0.6174888645683722,0.0001946703829624481,0.018439258985357653
491,Munda,0.0,0.0,0.0,0.0,0.0007062189290518021
492,Murch,0.0,0.0,0.0,0.0,0.014948667078007623
493,Murenmure,0.008264462809917356,0.08333333333333333,0.2810395886048937,0.0,0.008409461992013716
494,Mya Stone,0.03305785123966942,0.25,0.540137880687222,0.0005661368682698831,0.014780680774641217
495,Mycah,0.03305785123966942,0.3333333333333333,0.0,0.0,0.01663966343211294
496,Mychel Redfort,0.0,0.0,0.0,0.0,0.00014882008083467104
497,Myles Toyne,0.008264462809917356,0.08333333333333333,0.2810395886048937,0.0,0.004560828136398
498,Myranda Royce,0.01652892561983471,0.16666666666666666,0.4454372090086314,0.00011503249902326477,0.004767569669148439
499,Myrcella Baratheon,0.17355371900826447,0.8333333333333334,0.7258905498505372,0.1051058033531401,0.08562563468734521
500,Nage,0.0,0.0,0.0,0.0,0.0008154382118613381
501,Nan,0.05785123966942149,0.4166666666666667,0.7025989709040527,0.003718834130527637,0.026993482328728734
502,Narbert,0.01652892561983471,0.16666666666666666,0.25807748313688406,0.0,0.006498166821278892
503,Narbert Grandison,0.04132231404958678,0.16666666666666666,0.5037581929064822,0.004227949232878974,0.013235065855563402
504,Nestor Royce,0.049586776859504134,0.4166666666666667,0.5980762108938943,0.00040235349205874964,0.016645469670115206
505,Nurse,0.024793388429752067,0.16666666666666666,0.5620791768043331,6.714566685068397e-05,0.009062551024782687
506,Nute,0.024793388429752067,0.16666666666666666,0.4215593827046134,4.674171227280171e-05,0.020066724948894537
507,Nyessos Vhassar,0.008264462809917356,0.0,0.2810395886048937,0.013094565771054514,0.016188270705869146
508,Nymeria Sand,0.024793388429752067,0.25,0.4215593827046134,9.421213720909921e-05,0.01807992049850894
509,Obara Sand,0.04132231404958678,0.25,0.5391170717417778,0.00012960675229318068,0.030583372180165987
510,Oberyn Martell,0.15702479338842976,0.75,0.7873631800190465,0.05102726103663957,0.06023306746682263
511,Ogo,0.01652892561983471,0.08333333333333333,0.4454372090086314,0.013094565771054514,0.0148326268748265
512,Old Bill Bone,0.0,0.0,0.0,0.0,0.0005394727930256825
513,Olenna Redwyne,0.06611570247933884,0.5833333333333334,0.34410331111948167,0.0015226034696508351,0.015260681906575771
514,Olyvar Frey,0.008264462809917356,0.08333333333333333,0.2810395886048937,0.0,0.004448649363344593
515,Orell,0.008264462809917356,0.08333333333333333,0.2810395886048937,0.0,0.0021665723434847513
516,Orton Merryweather,0.0743801652892562,0.5833333333333334,0.5189225535482265,0.0004236943629182694,0.011433976464386071
517,Osfryd Kettleblack,0.01652892561983471,0.16666666666666666,0.4454372090086314,0.0,0.005795161053063293
518,Osha,0.06611570247933884,0.5833333333333334,0.6174888645683722,0.0011430378635976898,0.031221128234909565
519,Osmund Kettleblack,0.14049586776859505,0.8333333333333334,0.7596231226233323,0.0034909084246575127,0.058287695879851234
520,Osney Kettleblack,0.08264462809917356,0.5,0.818942917131588,0.0025423691760373046,0.022888331133022802
521,Oswell Kettleblack,0.008264462809917356,0.08333333333333333,0.0,0.0,0.0016174318823290901
522,Oswell Whent,0.01652892561983471,0.08333333333333333,0.25807748313688406,0.006247087101254938,0.013130384457794471
523,Othell Yarwyck,0.08264462809917356,0.5833333333333334,0.47016041061760677,0.00038049211215387583,0.026813319836930395
524,Othor,0.0,0.0,0.0,0.0,0.0008109848836848462
525,Ottyn Wythers,0.024793388429752067,0.25,0.4215593827046134,9.317111911839094e-05,0.0049719154240824084
526,Owen,0.0743801652892562,0.4166666666666667,0.5963457983271099,0.004188099060366661,0.0191904621661163
527,Owen Merryweather,0.0,0.0,0.0,0.0,0.0003806186309832186
528,Oznak zo Pahl,0.008264462809917356,0.08333333333333333,0.2810395886048937,0.0,0.003184890657968809
529,Palla,0.008264462809917356,0.08333333333333333,0.2810395886048937,0.0,0.0018297541681108278
530,Patchface,0.024793388429752067,0.25,0.22800127035195036,0.0,0.007751919631068255
531,Pate (novice),0.049586776859504134,0.25,0.2768881099786909,0.05226694701977862,0.0643753673114945
532,Pate (Old),0.0,0.0,0.0,0.0,0.00047675978547698076
533,Pate (whipping boy),0.0,0.0,0.0,0.0,0.00024377743923088442
534,Patrek of Kings Mountain,0.024793388429752067,0.16666666666666666,0.4215593827046134,5.5173958807538765e-06,0.007486101035925872
535,Paxter Redwyne,0.04132231404958678,0.4166666666666667,0.5391170717417778,0.004022566773763138,0.010984190318560376
536,Penny,0.049586776859504134,0.25,0.5980762108938943,0.0014525533623270751,0.028496565145158904
537,Perwyn Frey,0.008264462809917356,0.08333333333333333,0.2810395886048937,0.0,0.0031021940448686335
538,Petyr Baelish,0.38016528925619836,1.0,0.8047365552746424,0.1348044671335494,0.23045612537392804
539,Petyr Frey,0.008264462809917356,0.08333333333333333,0.2810395886048937,5.5173958807538765e-06,0.002257189116189953
540,Pia,0.024793388429752067,0.16666666666666666,0.4215593827046134,0.0006810912909363448,0.00700088556403783
541,Podrick Payne,0.08264462809917356,0.4166666666666667,0.6756219126386797,0.017647921643817534,0.05706012751231479
542,Polliver,0.10743801652892562,0.9166666666666666,0.36418132563438743,0.00046637610463730875,0.037455308526435145
543,Pono,0.024793388429752067,0.25,0.4215593827046134,0.0002519263779514034,0.003804946142491902
544,Porridge,0.01652892561983471,0.16666666666666666,0.4454372090086314,0.0,0.0052990095600836135
545,Porther,0.0,0.0,0.0,0.0,0.0003605222829462646
546,Poxy Tym,0.0,0.0,0.0,0.0,5.5892087177112154e-05
547,Praed,0.0,0.0,0.0,0.0,0.00017269330213523287
548,Prendahl na Ghezn,0.008264462809917356,0.08333333333333333,0.2810395886048937,0.0,0.00857130382992142
549,Preston Greenfield,0.008264462809917356,0.08333333333333333,0.0,0.0,0.0008411998697937041
550,Puckens,0.008264462809917356,0.0,0.2810395886048937,0.013094565771054514,0.010582150615335802
551,Pyat Pree,0.008264462809917356,0.08333333333333333,0.2810395886048937,0.0,0.008147307527649462
552,Pycelle,0.21487603305785125,1.0,0.645470739440481,0.03855098714019942,0.10476113489178963
553,Pyg,0.024793388429752067,0.25,0.4215593827046134,1.4834507792592968e-05,0.01028025442483956
554,Pylos,0.04132231404958678,0.3333333333333333,0.4100783301733357,2.0351903673346845e-05,0.02893893847256424
555,Pypar,0.12396694214876033,0.5833333333333334,0.5043920685893393,0.001220317841561419,0.07323596835915967
556,Qarl the Maid,0.01652892561983471,0.16666666666666666,0.25807748313688406,0.0,0.011340794800136179
557,Qavo Nogarys,0.01652892561983471,0.16666666666666666,0.4454372090086314,0.0001499066050619921,0.00417161289089687
558,Qezza,0.03305785123966942,0.16666666666666666,0.540137880687222,0.0005539933922417711,0.016410514330373195
559,Qhorin Halfhand,0.10743801652892562,0.4166666666666667,0.6783732363254222,0.014649550108416828,0.06087496680790764
560,Qotho,0.049586776859504134,0.3333333333333333,0.5177791854623661,0.00015459118647017937,0.024354068001137458
561,Quaithe,0.0,0.0,0.0,0.0,0.002917296368680104
562,Quaro,0.03305785123966942,0.3333333333333333,0.3852913907240007,7.443279348564192e-06,0.006497631294472859
563,Quellon Greyjoy,0.008264462809917356,0.08333333333333333,0.0,0.0,0.004279394707016525
564,Quentyn Martell,0.1487603305785124,0.5,0.6981740432748388,0.05907604855766423,0.11721520536480606
565,Quhuru Mo,0.008264462809917356,0.08333333333333333,0.2810395886048937,0.0,0.0027226464674974834
566,Quill,0.0,0.0,0.0,0.0,0.004386274583252334
567,Qyburn,0.14049586776859505,0.75,0.6971698806660832,0.008853458069508987,0.039877327156398044
568,Rafford,0.09917355371900827,0.9166666666666666,0.27983883331126247,0.00024203670608967476,0.04215717751216964
569,Ragwyle,0.0,0.0,0.0,0.0,0.0002884516491026557
570,Rakharo,0.0743801652892562,0.5833333333333334,0.32510087676587,0.00016760391260403284,0.028191145751991394
571,Ralf (Limper),0.0,0.0,0.0,0.0,0.004480583672357033
572,Ralf Stonehouse,0.008264462809917356,0.08333333333333333,0.2810395886048937,0.0,0.004279366521395156
573,Ramsay Snow,0.18181818181818182,0.6666666666666666,0.8117435609954782,0.08699128178579575,0.11601384962514392
574,Randyll Tarly,0.09917355371900827,0.5,0.8237857567683885,0.023281318170419035,0.028597272370314644
575,Rast,0.04132231404958678,0.3333333333333333,0.5037581929064822,0.00012127860756751446,0.008520851567668759
576,Rattleshirt,0.08264462809917356,0.4166666666666667,0.5248790601127669,0.0004304609805078732,0.0431649825898826
577,Ravella Swann,0.0,0.0,0.0,0.0,0.0013890437923663357
578,Raymun Darry,0.008264462809917356,0.08333333333333333,0.0,0.0,0.002378951000509229
579,Raymun Redbeard,0.0,0.0,0.0,0.0,0.004236665305019299
580,Raynald Westerling,0.01652892561983471,0.08333333333333333,0.25807748313688406,0.00016708340355867872,0.006142013309645008
581,Raynard,0.008264462809917356,0.0,0.2810395886048937,0.013094565771054514,0.0120075538592697
582,Red Oarsman,0.01652892561983471,0.08333333333333333,0.25807748313688406,0.02615615208899539,0.0146131736268381
583,Reek,0.008264462809917356,0.08333333333333333,0.2810395886048937,0.0,0.0017794710195863858
584,Renly Baratheon,0.30578512396694213,1.0,0.7611352811028248,0.09849844591614329,0.20347727138269048
585,Rennifer Longwaters,0.008264462809917356,0.0,0.2810395886048937,0.013094565771054514,0.010761467538493032
586,Reznak mo Reznak,0.03305785123966942,0.3333333333333333,0.540137880687222,0.0,0.01600551513690475
587,Rhaegar Frey,0.008264462809917356,0.08333333333333333,0.2810395886048937,0.003290127265502607,0.005595296811927185
588,Rhaegar Targaryen,0.14049586776859505,0.6666666666666666,0.8242889180006153,0.040816887936796886,0.06619280436306654
589,Rhaegel Targaryen,0.0,0.0,0.0,0.0,0.0009226281299322187
590,Rhaego,0.0,0.0,0.0,0.0,0.0009669922979689183
591,Rhaella Targaryen,0.008264462809917356,0.08333333333333333,0.2810395886048937,0.0,0.0010898816071430032
592,Rhaenys Targaryen,0.008264462809917356,0.08333333333333333,0.2810395886048937,0.0,0.006917737980995732
593,Rhaenys Targaryen (daughter of Rhaegar),0.0,0.0,0.0,0.0,0.0007352219334417406
594,Ricasso,0.008264462809917356,0.0,0.2810395886048937,0.013094565771054514,0.013208430443368563
595,Richard Horpe,0.008264462809917356,0.08333333333333333,0.2810395886048937,0.0,0.004380271045900481
596,Rickard Karstark,0.09090909090909091,0.5833333333333334,0.6796368658414974,0.0047701687105148344,0.029310904117786803
597,Rickard Stark,0.008264462809917356,0.08333333333333333,0.2810395886048937,3.372898613894822e-05,0.0013811800040040491
598,Rickon Stark,0.1322314049586777,0.75,0.5947639702090856,0.010311450751360014,0.09769795910452364
599,Robar Royce,0.01652892561983471,0.16666666666666666,0.25807748313688406,0.0002612955407677779,0.004331340807201809
600,Robb Stark,0.6033057851239669,1.0,0.9650271255312141,0.34597417483961296,0.482818820317312
601,Robert Arryn,0.15702479338842976,0.5833333333333334,0.761250519358224,0.05839608156626585,0.06617485012225373
602,Robert Baratheon,0.5289256198347108,1.0,0.8534309236606917,0.40718220762668594,0.4358357288997576
603,Robert Strong,0.024793388429752067,0.25,0.5620791768043331,0.00015927576787836661,0.00366432807747596
604,Robett Glover,0.049586776859504134,0.3333333333333333,0.6283838213820696,0.002604309752434447,0.010301816425187765
605,Robin Flint,0.01652892561983471,0.16666666666666666,0.4454372090086314,0.0,0.003349720171741756
606,Robin Ryger,0.008264462809917356,0.08333333333333333,0.0,0.0,0.002861714323338063
607,Rodrik Cassel,0.2396694214876033,0.9166666666666666,0.8319061277588751,0.05757893441596439,0.08975085404546673
608,Rodrik Harlaw,0.049586776859504134,0.16666666666666666,0.40717454994811714,0.011097258052040704,0.026164543204231065
609,Rodrik Sparr,0.008264462809917356,0.08333333333333333,0.2810395886048937,0.0,0.007124084915046986
610,Roger Ryswell,0.008264462809917356,0.08333333333333333,0.2810395886048937,0.0,0.003003628926937035
611,Rolfe the Dwarf,0.0,0.0,0.0,0.0,0.0009999412893506863
612,Rollam Westerling,0.008264462809917356,0.08333333333333333,0.2810395886048937,0.0,0.0023701007153989853
613,Rolly Duckfield,0.05785123966942149,0.4166666666666667,0.4918192797544732,7.02687211228088e-05,0.032873989443301006
614,Rolph Spicer,0.0,0.0,0.0,0.0,0.0007189588299111334
615,Ronnet Connington,0.008264462809917356,0.08333333333333333,0.2810395886048937,0.0,0.0012923952966879104
616,Roone,0.024793388429752067,0.25,0.0,4.122431639204783e-06,0.01988027706353064
617,Roose Bolton,0.2231404958677686,0.9166666666666666,0.8066549511071373,0.02892044029651943,0.08146896017577455
618,Roose Ryswell,0.0,0.0,0.0,0.0,0.00020412026996300878
619,Rorge,0.06611570247933884,0.3333333333333333,0.6174888645683722,0.0021750303274595275,0.02926637083602189
620,Rory,0.008264462809917356,0.08333333333333333,0.2810395886048937,0.0,0.0031439933213606454
621,Rosey,0.0,0.0,0.0,0.0,0.010793627332476435
622,Roslin Frey,0.03305785123966942,0.3333333333333333,0.4277220454074463,0.0,0.012907097965299721
623,Rossart,0.0,0.0,0.0,0.0,0.0007540217428956662
624,Rowan,0.03305785123966942,0.25,0.6525537159669977,0.0002998132101239842,0.01166819897797246
625,Rugen,0.0,0.0,0.0,0.0,0.00641592117812064
626,Rus,0.0,0.0,0.0,0.0,0.0028387712275427185
627,Ryk,0.024793388429752067,0.25,0.22800127035195036,0.0,0.008925540719302131
628,Ryman Frey,0.09090909090909091,0.4166666666666667,0.6911179183727751,0.005313111695723737,0.025730851048207756
629,Salladhor Saan,0.03305785123966942,0.25,0.6525537159669977,4.965656292678489e-05,0.027454176310024697
630,Sallor,0.008264462809917356,0.08333333333333333,0.2810395886048937,0.0,0.00857130382992142
631,Samwell Tarly,0.35537190082644626,0.5833333333333334,0.7939294551629633,0.21583534258499992,0.32856776484330213
632,Sandor Clegane,0.2892561983471074,1.0,0.7497309904188026,0.04595127244161736,0.1472270858860698
633,Sansa Stark,0.6115702479338843,1.0,0.9420571141074588,0.2534409655817558,0.4531261983293085
634,Sarella Sand,0.0,0.0,0.0,0.0,0.0008932587124644679
635,Satin,0.09917355371900827,0.4166666666666667,0.7479099316235867,0.015308327176578842,0.04255806160491803
636,Sawane Botley,0.0,0.0,0.0,0.0,0.0012964258405438486
637,Scar,0.008264462809917356,0.08333333333333333,0.2810395886048937,0.0,0.003168853039409163
638,Scolera,0.01652892561983471,0.16666666666666666,0.25807748313688406,0.0,0.01210645720465774
639,Selwyn Tarth,0.0,0.0,0.0,0.0,0.000613713719714796
640,Selyse Florent,0.1487603305785124,0.5,0.7742802597850106,0.029516334666912208,0.08124454625842499
641,Senelle,0.008264462809917356,0.08333333333333333,0.2810395886048937,0.0,0.002299044763924705
642,Shadd,0.0,0.0,0.0,0.0,0.0013519515146431485
643,Shadrich,0.008264462809917356,0.08333333333333333,0.2810395886048937,0.0006904916842954405,0.0030463583289342625
644,Shae,0.09917355371900827,0.5,0.6181993524858035,0.0042998835829469164,0.04334551149475875
645,Shagga,0.049586776859504134,0.25,0.6283838213820696,0.02632560380871043,0.03604208147093317
646,Shagwell,0.04132231404958678,0.25,0.4100783301733357,0.0010398833809894066,0.015728337736350174
647,Sharna,0.024793388429752067,0.25,0.22800127035195036,8.2240429165954e-06,0.004670047419207537
648,Shireen Baratheon,0.09917355371900827,0.5,0.7642294144748419,0.016964878443961114,0.028730928586852143
649,Shitmouth,0.0,0.0,0.0,0.0,0.00016471677128746516
650,Shortear,0.0,0.0,0.0,0.0,0.00634086286841179
651,Shrouded Lord,0.0,0.0,0.0,0.0,0.00035542068547825777
652,Sigfryd Harlaw,0.008264462809917356,0.08333333333333333,0.0,0.0,0.006422403871035787
653,Sigorn,0.024793388429752067,0.16666666666666666,0.5620791768043331,0.00028211590258194353,0.005518631921800233
654,Simon Toyne,0.0,0.0,0.0,0.0,0.006721960654958303
655,Skahaz mo Kandaq,0.09090909090909091,0.5833333333333334,0.4359199915867559,0.00030918237294035874,0.04550937801859197
656,Skinner,0.03305785123966942,0.25,0.540137880687222,0.013094565771054514,0.01895435121589811
657,Small Paul,0.04132231404958678,0.3333333333333333,0.25807748313688406,6.194057639714257e-05,0.0158239433640379
658,Smiling Knight,0.008264462809917356,0.0,0.2810395886048937,0.013094565771054514,0.014357050885447066
659,Softfoot,0.0,0.0,0.0,0.0,0.0010845263390826642
660,Soren Shieldbreaker,0.0,0.0,0.0,0.0,0.00019076028543353238
661,Sour Alyn,0.04132231404958678,0.25,0.5391170717417778,7.339177539493365e-05,0.021563212329924086
662,Spare Boot,0.04132231404958678,0.3333333333333333,0.4100783301733357,6.610464875997569e-06,0.008814545742346273
663,Spotted Cat,0.04132231404958678,0.25,0.5037581929064822,0.01746940786162288,0.019879206009918576
664,Squint,0.01652892561983471,0.08333333333333333,0.4454372090086314,3.8465618451670896e-05,0.008471639472756386
665,Squirrel,0.024793388429752067,0.25,0.5620791768043331,4.78347812680454e-05,0.007656454931487377
666,Stafford Lannister,0.024793388429752067,0.25,0.22800127035195036,0.0002545289231781741,0.0033071316978513783
667,Stannis Baratheon,0.7272727272727273,1.0,0.9728697087509357,0.5732863358776162,0.5027466183384728
668,Steelskin,0.01652892561983471,0.16666666666666666,0.4454372090086314,0.0,0.0030926954904668754
669,Steffon Baratheon,0.008264462809917356,0.08333333333333333,0.0,0.0,0.001039993057317744
670,Steffon Varner,0.0,0.0,0.0,0.0,0.007618939869443638
671,Stevron Frey,0.03305785123966942,0.25,0.540137880687222,1.3741438797349279e-05,0.006215239553964797
672,Stiv,0.008264462809917356,0.08333333333333333,0.2810395886048937,0.0,0.0011961695853300385
673,Stonesnake,0.024793388429752067,0.16666666666666666,0.4215593827046134,1.098274085697234e-05,0.00845295240578794
674,Stygg,0.01652892561983471,0.08333333333333333,0.4454372090086314,2.196548171394468e-05,0.007980927804701153
675,Styr,0.05785123966942149,0.4166666666666667,0.4352726925243988,0.00011034791761507753,0.033555405025547026
676,Sweets,0.01652892561983471,0.16666666666666666,0.4454372090086314,0.0,0.005030344217182839
677,Sybell Spicer,0.04132231404958678,0.25,0.5391170717417778,0.012293918757490776,0.010952509680140266
678,Sybelle Glover,0.008264462809917356,0.08333333333333333,0.2810395886048937,9.421213720909921e-05,0.004380834758327885
679,Sylva Santagar,0.03305785123966942,0.3333333333333333,0.3852913907240007,0.0002134087085951971,0.015278100620582555
680,Symon Silver Tongue,0.01652892561983471,0.16666666666666666,0.4454372090086314,0.0,0.00311961275887542
681,Symon Stripeback,0.008264462809917356,0.08333333333333333,0.2810395886048937,0.0,0.006179922970387932
682,Symond Templeton,0.03305785123966942,0.25,0.20289037484789482,0.00019675241914386462,0.01232306370488775
683,Syrio Forel,0.024793388429752067,0.25,0.4215593827046134,5.173859910820144e-05,0.011868063219108566
684,Taena of Myr,0.09090909090909091,0.5833333333333334,0.6796368658414974,0.002561227218750485,0.02821842943347775
685,Talbert Serry,0.0,0.0,0.0,0.0,0.006717817368616883
686,Talea,0.008264462809917356,0.08333333333333333,0.2810395886048937,0.0,0.003972058691595835
687,Tallad,0.04132231404958678,0.25,0.5037581929064822,0.004396505677036006,0.009359007390354479
688,Tanda Stokeworth,0.049586776859504134,0.4166666666666667,0.5980762108938943,0.00012023758947680617,0.01388505446998165
689,Tansy,0.04132231404958678,0.4166666666666667,0.6327969344749241,0.0009914396041382969,0.0071324842302153075
690,Tarber,0.0,0.0,0.0,0.0,0.007336689057042428
691,Tattered Prince,0.05785123966942149,0.25,0.4352726925243988,0.030591378433915285,0.030041898208023023
692,Ternesio Terys,0.008264462809917356,0.08333333333333333,0.2810395886048937,0.0,0.0032635285415916755
693,Terrance Lynderly,0.01652892561983471,0.08333333333333333,0.4454372090086314,0.013094565771054514,0.01760806501115037
694,Theobald,0.0,0.0,0.0,0.0,0.0013921723963384286
695,Theomore,0.008264462809917356,0.08333333333333333,0.2810395886048937,0.0,0.001570023667184408
696,Theon Greyjoy,0.5371900826446281,0.9166666666666666,0.9354661954438629,0.5792397361602111,0.385089236945611
697,Thistle,0.0,0.0,0.0,0.0,0.005393966918479826
698,Thoren Smallwood,0.06611570247933884,0.3333333333333333,0.6799421061201669,0.013328982224720204,0.026411900217375966
699,Thoros of Myr,0.06611570247933884,0.5,0.6410614501882663,0.002616635406628433,0.036733362020658765
700,Tickler,0.09090909090909091,0.9166666666666666,0.27538191208463436,0.0,0.034775447832177626
701,Timeon,0.024793388429752067,0.25,0.2810395886048937,0.00014886558697128384,0.00962014717234941
702,Timett,0.024793388429752067,0.25,0.4215593827046134,2.134087085951971e-05,0.009025092333981686
703,Timoth,0.0,0.0,0.0,0.0,0.0007127579932096889
704,Tion Frey,0.0,0.0,0.0,0.0,0.006796342509754269
705,Tobho Mott,0.0,0.0,0.0,0.0,0.001185571791694842
706,Todder,0.024793388429752067,0.25,0.4215593827046134,0.0,0.011832464779317998
707,Tom Barleycorn,0.0,0.0,0.0,0.0,0.000500858491748504
708,Tom of Sevenstreams,0.06611570247933884,0.4166666666666667,0.6410614501882663,0.0022313598163477525,0.029312369770098063
709,Tomard,0.049586776859504134,0.3333333333333333,0.467789770924468,0.0007614578875390239,0.013190729873148075
710,Tommen Baratheon,0.2644628099173554,0.9166666666666666,0.7893854301631757,0.03253856633695195,0.14997239359314896
711,Torbert,0.0,0.0,0.0,0.0,0.008054971432040675
712,Toregg,0.01652892561983471,0.16666666666666666,0.4454372090086314,0.0,0.005872051428161206
713,Torghen Flint,0.0,0.0,0.0,0.0,0.006434580059467715
714,Torgon Greyiron,0.0,0.0,0.0,0.0,0.0009999412893506863
715,Tormund,0.11570247933884298,0.4166666666666667,0.7164416875839622,0.02680528412454699,0.07048513627029199
716,Torrhen Karstark,0.01652892561983471,0.08333333333333333,0.25807748313688406,0.00027222623072021483,0.005229306518435102
717,Torrhen Stark,0.008264462809917356,0.08333333333333333,0.2810395886048937,0.0,0.002014059946250583
718,Torwold Browntooth,0.0,0.0,0.0,0.0,0.008801608542137348
719,Tregar,0.0,0.0,0.0,0.0,0.0003605222829462646
720,Tristifer Botley,0.01652892561983471,0.16666666666666666,0.25807748313688406,0.0,0.01659067682217153
721,Tristifer IV Mudd,0.0,0.0,0.0,0.0,0.00013554465316930505
722,Trystane Martell,0.008264462809917356,0.08333333333333333,0.2810395886048937,0.0003336462980720033,0.004671907670217971
723,Tybero Istarion,0.01652892561983471,0.16666666666666666,0.4454372090086314,0.0,0.006038600264837735
724,Tycho Nestoris,0.01652892561983471,0.16666666666666666,0.4454372090086314,0.0027795235072815574,0.006923262362784292
725,Tyene Sand,0.06611570247933884,0.3333333333333333,0.6799421061201669,0.013931580751617144,0.030412116344720626
726,Tyrion Lannister,1.0,1.0,1.0,0.8442193254390156,0.9198202219600771
727,Tysha,0.024793388429752067,0.25,0.22800127035195036,7.807635680312089e-05,0.005930113808183824
728,Tytos Blackwood,0.03305785123966942,0.16666666666666666,0.540137880687222,0.0005450354315712263,0.007446951207842659
729,Tywin Lannister,0.3884297520661157,1.0,0.8215176925836418,0.10758848055185619,0.20941944863682074
730,Ulf son of Umar,0.0,0.0,0.0,0.0,0.0013044023713916163
731,Ulmer,0.0,0.0,0.0,0.0,0.00019076028543353238
732,Umma,0.0,0.0,0.0,0.0,0.001084949123403218
733,Unella,0.024793388429752067,0.16666666666666666,0.4215593827046134,1.6500136737726215e-05,0.018250528064662777
734,Urswyck,0.0,0.0,0.0,0.0,0.0025761939788579093
735,Urzen,0.008264462809917356,0.08333333333333333,0.2810395886048937,0.0,0.003917942298565044
736,Utherydes Wayn,0.01652892561983471,0.16666666666666666,0.25807748313688406,0.0,0.005473844969442981
737,Val,0.06611570247933884,0.4166666666666667,0.6174888645683722,0.004227038342049605,0.040485093710003715
738,Varamyr,0.04132231404958678,0.16666666666666666,0.5037581929064822,0.03923422813349308,0.03397167846756355
739,Vardis Egen,0.04132231404958678,0.25,0.6327969344749241,0.0009316383199175598,0.012069900453740588
740,Vargo Hoat,0.0743801652892562,0.4166666666666667,0.540137880687222,0.003560458843297733,0.024723976095999998
741,Varly,0.0,0.0,0.0,0.0,0.0003605222829462646
742,Varys,0.2727272727272727,1.0,0.7609653324497389,0.04789400999231625,0.16952326529972603
743,Vayon Poole,0.03305785123966942,0.3333333333333333,0.20289037484789482,0.0,0.0071484372919108415
744,Victarion Greyjoy,0.19008264462809918,0.3333333333333333,0.752538095713811,0.189729383183248,0.18202823900493706
745,Visenya Targaryen,0.008264462809917356,0.08333333333333333,0.2810395886048937,0.0,0.005914048004002809
746,Viserys Targaryen,0.10743801652892562,0.5833333333333334,0.7336755540825468,0.012790203311874134,0.054753782672455203
747,Vylarr,0.008264462809917356,0.08333333333333333,0.0,0.0,0.0016624443196573038
748,Vyman,0.01652892561983471,0.16666666666666666,0.25807748313688406,3.018952463054008e-05,0.0063960785006760175
749,Waif,0.008264462809917356,0.08333333333333333,0.2810395886048937,0.0,0.011344346188428826
750,Walda Frey (daughter of Merrett),0.008264462809917356,0.08333333333333333,0.0,0.0,0.0018196637156602954
751,Walder Frey,0.1487603305785124,0.75,0.8053405400467102,0.034531387267994804,0.061734205475378265
752,Walder Frey (son of Jammos),0.01652892561983471,0.16666666666666666,0.25807748313688406,0.0,0.00957693861478889
753,Walder Frey (son of Merrett),0.05785123966942149,0.4166666666666667,0.5355600176778613,0.0007142060764017751,0.02019409577186648
754,Walder Rivers,0.03305785123966942,0.25,0.540137880687222,0.0003201130628927957,0.009167824320600393
755,Walgrave,0.008264462809917356,0.0,0.2810395886048937,0.013094565771054514,0.021158635920776193
756,Walton,0.03305785123966942,0.25,0.540137880687222,0.013094565771054514,0.01468958484637272
757,Watt,0.0,0.0,0.0,0.0,0.0002650575833653872
758,Waymar Royce,0.01652892561983471,0.08333333333333333,0.25807748313688406,0.008294368893713199,0.024727781154884977
759,Weasel,0.024793388429752067,0.25,0.4215593827046134,2.8055437544588107e-05,0.008046600302493727
760,Weeper,0.03305785123966942,0.3333333333333333,0.3852913907240007,3.300027347545243e-05,0.007768577333298044
761,Weese,0.05785123966942149,0.4166666666666667,0.5090408585513897,0.00055938586595164,0.014334784244564606
762,Wendel Manderly,0.049586776859504134,0.25,0.7086808464081433,0.013428930371609105,0.016919123867998504
763,Werlag,0.008264462809917356,0.08333333333333333,0.2810395886048937,0.0,0.004116707300467715
764,Wex Pyke,0.03305785123966942,0.16666666666666666,0.6525537159669977,0.011206304697042396,0.021488097648972495
765,Wick Whittlestick,0.008264462809917356,0.08333333333333333,0.2810395886048937,0.0,0.0023727219781864138
766,Widower,0.0,0.0,0.0,0.0,0.00018906914815132033
767,Will (prologue),0.008264462809917356,0.08333333333333333,0.0,0.0,0.022385330534050164
768,Willam Dustin,0.008264462809917356,0.08333333333333333,0.0,0.0,0.001117418959221691
769,Willas Tyrell,0.05785123966942149,0.5,0.4918192797544732,8.5883992483433e-05,0.009389306933327447
770,Willem Lannister,0.024793388429752067,0.08333333333333333,0.5620791768043331,0.013652957464729526,0.016061999122130636
771,William Foxglove,0.0,0.0,0.0,0.0,0.00020412026996300878
772,Willis Wode,0.04132231404958678,0.3333333333333333,0.6327969344749241,0.00022225736236621747,0.008376062030690027
773,Willow Heddle,0.008264462809917356,0.08333333333333333,0.2810395886048937,0.0,0.001967666413475229
774,Willow Witch eye,0.0,0.0,0.0,0.0,0.0009626235266565368
775,Woth,0.03305785123966942,0.3333333333333333,0.540137880687222,0.0,0.005128542922036626
776,Wulfe,0.0,0.0,0.0,0.0,0.0014976429915057273
777,Wun Weg Wun Dar Wun,0.024793388429752067,0.16666666666666666,0.4215593827046134,5.0281173781209856e-05,0.010373887059031372
778,Wyl (guard),0.024793388429752067,0.16666666666666666,0.4215593827046134,0.0014020900103799913,0.0057544046445619805
779,Wylis Manderly,0.008264462809917356,0.08333333333333333,0.0,0.0,0.0009605659762965117
780,Wylla,0.0,0.0,0.0,0.0,8.548698961582508e-05
781,Wyman Manderly,0.1322314049586777,0.5833333333333334,0.7725609793747958,0.04810959442872103,0.056055732894787616
782,Wynton Stout,0.0,0.0,0.0,0.0,0.00020894001121731371
783,Xaro Xhoan Daxos,0.01652892561983471,0.08333333333333333,0.4454372090086314,0.00023318805231865438,0.01485934684388545
784,Xhondo,0.008264462809917356,0.08333333333333333,0.2810395886048937,0.0,0.008470709347251167
785,Yandry,0.049586776859504134,0.4166666666666667,0.38749274549293994,1.061838452522444e-05,0.0212317494226105
786,Yellow Dick,0.01652892561983471,0.16666666666666666,0.4454372090086314,0.0,0.0064776758745427555
787,Yezzan zo Qaggaz,0.03305785123966942,0.16666666666666666,0.540137880687222,3.0241575535075494e-05,0.018222596113884902
788,Ygritte,0.09917355371900827,0.4166666666666667,0.7025141372701936,0.013820446865343583,0.06159835078037389
789,Yohn Royce,0.05785123966942149,0.25,0.6058199147277211,0.010286164421936708,0.01734266920032854
790,Yoren,0.14049586776859505,0.5833333333333334,0.760276445522015,0.02523703721670905,0.04034044510113184
791,Yorko Terys,0.0,0.0,0.0,0.0,0.001084949123403218
792,Ysilla,0.04132231404958678,0.4166666666666667,0.3517573458700305,0.0,0.014392029241567487
793,Yurkhaz zo Yunzak,0.0,0.0,0.0,0.0,0.0005902069114920472
794,Zei,0.0,0.0,0.0,0.0,0.00019076028543353238
795,Zollo,0.024793388429752067,0.25,0.5620791768043331,3.300027347545243e-06,0.0048207277510526406
